admin,cFhvQ2xFQ0JFTnllM3lRZtgklPBdaRe6AveqopaJzLREu3PyA4CHbLBdHzdTe3iS,pXoClECBENye3yQf,yes,
bob,eWQ1bllPOHlONm9zenhqV6OJMOI5RyX1gKvHGSIIcH3op7FA5oQ38TbhxWh7rRT7,yd5nYO8yN6oszxjW,yes,
seriousadmin,SVJqVGZtRzRIV0M2a1FIZsiy8POlTdu8z21DQVWDH6xriRQg8F1CtW9gWrQb7Xq6,IRjTfmG4HWC6kQHf,yes,
janitor,SW1WY0pmT3hBWmJxdktTTkST5pl4c7dROiCkueTgsDExQludf46Cn/PoPVmQWze4,ImVcJfOxAZbqvKSN,yes,
alice,VVJWbmdtejFNNUFSNU5lcE4uQZoYT3JnC1Pbqg+tjGr4Vx58/ViUEnQU3+sPh6fa,URVngmz1M5AR5Nep,no,
john,QVFFVFdJeVkwYlZPTkF2dl1LOlBP8KeOHbW01n9yMCqhPwCkQL+ToOVgQRtqMzXW,AQETWIyY0bVONAvv,no,
realluke,VUxNTXJDbkZEdXhwamlvd6isFpZZucvfHQk9gJjIyXSBRkBH7EEfGO020KOQzWBU,ULMMrCnFDuxpjiow,no,
stevethebeast,NmxiZHl2eUFjam1yVlpDRUshe2PSPqlICn87Ef0hQ8CUEecQtfL73oKHh3pv9tAI,6lbdyvyAcjmrVZCE,no,
spammer,RjBYcnk3aG4wOHZVVVRnY6t5u2Ikt03fW3aBFz+USPrnKyZUmLHJkq6WqSim+9Oj,F0Xry7hn08vUUTgc,no,
newnewaccount,VnZIZlhBb3gwVnpEYVBwSVQqCdJYZcJIgcwO6ERQsi0ZbhGzHK3BchwDrwrbLyKC,VvHfXAox0VzDaPpI,no,jm762CTl0BtUJJef
